event,2017/2/8,20,0,21,0,Event,blue
to do,2017/2/8,20,0,21,0,Event,blue
to do,2017/2/8,20,0,21,0,Event,blue
to do,2017/2/8,20,0,21,0,Event,blue
to do,2017/2/8,20,0,21,0,Event,blue
to do,2017/2/8,20,0,21,0,Event,blue
to do,2017/2/8,20,0,21,0,Event,blue
to do,2017/2/8,20,0,21,0,Event,blue
to do,2017/2/8,20,0,21,0,Event,blue
to do,2017/2/8,20,0,21,0,Event,blue
to do,2017/2/8,20,0,21,0,Event,blue
to do,2017/2/8,20,0,21,0,Event,blue
to do,2017/2/8,20,0,21,0,Event,blue
to do,2017/2/8,20,0,21,0,Event,blue
to do,2017/2/8,20,0,21,0,Event,blue
to do,2017/2/8,20,0,21,0,Event,blue
to do,2017/2/8,20,0,21,0,Event,blue
to do,2017/2/8,20,0,21,0,Event,blue
to do,2017/2/8,20,0,21,0,Event,blue
to do,2017/2/8,20,0,21,0,Event,blue
to do,2017/2/8,20,0,21,0,Event,blue
to do,2017/2/8,20,0,21,0,Event,blue
to do,2017/2/8,20,0,21,0,Event,blue
to do,2017/2/8,20,0,21,0,Event,blue
to do,2017/2/8,20,0,21,0,Event,blue
to do,2017/2/8,20,0,21,0,Event,blue
to do,2017/2/8,20,0,21,0,Event,blue
to do,2017/2/8,20,0,21,0,Event,blue
to do,2017/2/8,20,0,21,0,Event,blue
to do,2017/2/8,20,0,21,0,Event,blue
to do,2017/2/8,20,0,21,0,Event,blue
to do,2017/2/8,20,0,21,0,Event,blue
to do,2017/2/8,20,0,21,0,Event,blue
to do,2017/2/8,20,0,21,0,Event,blue
to do,2017/2/8,20,0,21,0,Event,blue
to do,2017/2/8,20,0,21,0,Event,blue
to do,2017/2/8,20,0,21,0,Event,blue
to do,2017/2/8,20,0,21,0,Event,blue
to do,2017/2/8,20,0,21,0,Event,blue
to do,2017/2/8,20,0,21,0,Event,blue
to do,2017/2/8,20,0,21,0,Event,blue
to do,2017/2/8,20,0,21,0,Event,blue
to do,2017/2/8,20,0,21,0,Event,blue
to do,2017/2/8,20,0,21,0,Event,blue
to do,2017/2/8,20,0,21,0,Event,blue
to do,2017/2/8,20,0,21,0,Event,blue
to do,2017/2/8,20,0,21,0,Event,blue
to do,2017/2/8,20,0,21,0,Event,blue
to do,2017/2/8,20,0,21,0,Event,blue
to do,2017/2/8,20,0,21,0,Event,blue
to do,2017/2/8,20,0,21,0,Event,blue
to do,2017/2/8,20,0,21,0,Event,blue
to do,2017/2/8,20,0,21,0,Event,blue
to do,2017/2/8,20,0,21,0,Event,blue
to do,2017/2/8,20,0,21,0,Event,blue
to do,2017/2/8,20,0,21,0,Event,blue
to do,2017/2/8,20,0,21,0,Event,blue
to do,2017/2/8,20,0,21,0,Event,blue
to do,2017/2/8,20,0,21,0,Event,blue
to do,2017/2/8,20,0,21,0,Event,blue
to do,2017/2/8,20,0,21,0,Event,blue
to do,2017/2/8,20,0,21,0,Event,blue
to do,2017/2/8,20,0,21,0,Event,blue
to do,2017/2/8,20,0,21,0,Event,blue
